﻿{
  "AllQuries": [
    {
      "Ctegory": "Resource Usage Verification",
      "Quries": [
        {
          "Name": "Memory_of_omsagent",
          "Query": "Perf | where ObjectName == 'K8SContainer' | where CounterName == 'memoryRssBytes' | where InstanceName contains 'omsagent' | where CounterValue > 40000000",
          "FilterCondition": "",
          "Summarize": "| summarize Average = avg(CounterValue)  by  Computer",
          "ExpectedResult": "0",
          "ExpectedCondition": "eq"
        },
        {
          "Name": "CPU_of_omsagent",
          "Query": "Perf | where ObjectName == 'K8SContainer' | where CounterName == 'cpuUsageNanoCores' | where InstanceName contains 'omsagent' | where CounterValue > 27000000",
          "FilterCondition": "",
          "Summarize": "| summarize Average = avg(CounterValue)  by  Computer",
          "ExpectedResult": "0",
          "ExpectedCondition": "eq"
        },
        {
          "Name": "No_more_than_5_mb",
          "Query": "Usage | where QuantityUnit == 'MBytes'| where Quantity > 5",
          "FilterCondition": "",
          "Summarize": "",
          "ExpectedResult": "0",
          "ExpectedCondition": "eq"
        }
      ]
    },
    {
      "Ctegory": "Kubernetes Specific",
      "Quries": [
        {
          "NameKubeServices_CL": "KubeEvents_CL",
          "Query": "KubeEvents_CL",
          "FilterCondition": "| where TimeGenerated > ago(24h)",
          "Summarize": "| summarize count() by Computer",
          "Dimensions": 4,
          "ExpectedResult": "1",
          "ExpectedCondition": "gt"
        },
        {
          "Name": "KubeNodeInventory",
          "Query": "KubeNodeInventory",
          "FilterCondition": "| where TimeGenerated > ago(24h)",
          "Summarize": "| summarize count() by Computer",
          "Dimensions": 4,
          "ExpectedResult": "1",
          "ExpectedCondition": "gt"
        },
        {
          "Name": "KubePodInventory",
          "Query": "KubePodInventory",
          "FilterCondition": "| where TimeGenerated > ago(24h)",
          "Summarize": "| summarize count() by Computer",
          "Dimensions": 4,
          "ExpectedResult": "1",
          "ExpectedCondition": "gt"
        },
        {
          "Name": "KubeServices_CL",
          "Query": "KubeServices_CL ",
          "FilterCondition": "| where TimeGenerated > ago(24h)",
          "Summarize": "| summarize count() by Computer",
          "Dimensions": 4,
          "ExpectedResult": "1",
          "ExpectedCondition": "gt"
        },
        {
          "Name": "K8SContainer_memoryRssBytes",
          "Query": "Perf | where ObjectName == 'K8SContainer' | where CounterName == 'memoryRssBytes'",
          "FilterCondition": "| where TimeGenerated > ago(24h)",
          "Summarize": "| summarize count() by Computer",
          "Dimensions": 4,
          "ExpectedResult": "1",
          "ExpectedCondition": "gt"
        },
        {
          "Name": "K8SContainer_memoryLimitBytes",
          "Query": "Perf | where ObjectName == 'K8SContainer' | where CounterName == 'memoryLimitBytes'",
          "FilterCondition": "| where TimeGenerated > ago(24h)",
          "Summarize": "| summarize count() by Computer",
          "Dimensions": 4,
          "ExpectedResult": "1",
          "ExpectedCondition": "gt"

        },
        {
          "Name": "K8SNode_memoryRssBytes",
          "Query": "Perf | where ObjectName == 'K8SNode' | where CounterName == 'memoryRssBytes'",
          "FilterCondition": "| where TimeGenerated > ago(24h)",
          "Summarize": "| summarize count() by Computer",
          "Dimensions": 4,
          "ExpectedResult": "1",
          "ExpectedCondition": "gt"
        },
        {
          "Name": "K8SNode_memoryLimitBytes",
          "Query": "Perf | where ObjectName == 'K8SNode' | where CounterName == 'memoryLimitBytes'",
          "FilterCondition": "| where TimeGenerated > ago(24h)",
          "Summarize": "| summarize count() by Computer",
          "Dimensions": 4,
          "ExpectedResult": "1",
          "ExpectedCondition": "gt"
        }
      ]
    },
    {
      "Ctegory": "Misc Verification",
      "Quries": [
        {
          "Name": "Heartbeat_flowing",
          "Query": "Heartbeat",
          "FilterCondition": "",
          "Summarize": "| summarize count() by Computer",
          "Dimensions": 4,
          "ExpectedResult": "5",
          "ExpectedCondition": "gt"
        },
        {
          "Name": "Operation_not_flowing",
          "Query": "Operation",
          "FilterCondition": "",
          "Summarize": "| summarize count() by Computer",
          "Dimensions": 4,
          "ExpectedResult": "2",
          "ExpectedCondition": "lt"
        }
      ]
    },
    {
      "Ctegory": "Docker Logs",
      "Quries": [
        {
          "Name": "Container_Inventory",
          "Query": "ContainerInventory",
          "FilterCondition": "",
          "Summarize": "| summarize count() by Computer",
          "Dimensions": 4,
          "ExpectedResult": "1",
          "ExpectedCondition": "gt"
        },
        {
          "Name": "Container_Service_Log",
          "Query": "ContainerServiceLog",
          "FilterCondition": "",
          "Summarize": "| summarize count() by Computer",
          "Dimensions": 4,
          "ExpectedResult": "1",
          "ExpectedCondition": "gt"
        },
        {
          "Name": "Container_Image_Inventory",
          "Query": "ContainerImageInventory",
          "FilterCondition": "",
          "Summarize": "| summarize count() by Computer",
          "Dimensions": 4,
          "ExpectedResult": "1",
          "ExpectedCondition": "gt"
        },
        {
          "Name": "Container_Node_Inventory_CL",
          "Query": "ContainerNodeInventory_CL",
          "FilterCondition": "",
          "Summarize": "| summarize count() by Computer",
          "Dimensions": 4,
          "ExpectedResult": "1",
          "ExpectedCondition": "gt"
        },
        {
          "Name": "Container_Process_CL",
          "Query": "ContainerProcess_CL",
          "FilterCondition": "",
          "Summarize": "| summarize count() by Computer",
          "Dimensions": 4,
          "ExpectedResult": "1",
          "ExpectedCondition": "gt"
        },
        {
          "Name": "Perf_One_of_counters_from_Docker",
          "Query": "Perf| where ObjectName == 'Container'| where CounterName == 'Memory Usage MB'",
          "FilterCondition": "",
          "Summarize": "| summarize count() by Computer",
          "Dimensions": 4,
          "ExpectedResult": "1",
          "ExpectedCondition": "gt"
        },
        {
          "Name": "ContainerLog_k8s",
          "Query": "ContainerLog| where Name contains 'k8s_'",
          "FilterCondition": "",
          "Summarize": "| summarize count() by Computer",
          "Dimensions": 4,
          "ExpectedResult": "0",
          "ExpectedCondition": "eq"
        }
      ]
    },
    {
      "Ctegory": "Perf",
      "Quries": [
        {
          "Name": "memoryRssBytes",
          "Query": "Perf | where ObjectName == 'K8SContainer' | where CounterName == 'memoryRssBytes' | where InstanceName contains 'omsagent'",
          "FilterCondition": "| where TimeGenerated > ago(10m)",
          "Summarize": "| summarize Average = avg(CounterValue)  by  Computer",
          "ExpectedResult": "0",
          "ExpectedCondition": "eq",
          "Prefix": ""
        },
        {
          "Name": "cpuUsageNanoCores",
          "Query": "Perf | where ObjectName == 'K8SContainer' | where CounterName == 'cpuUsageNanoCores' | where InstanceName contains 'omsagent'",
          "FilterCondition": "| where TimeGenerated > ago(10m)",
          "Summarize": "| summarize Average = avg(CounterValue)  by  Computer",
          "ExpectedResult": "0",
          "ExpectedCondition": "eq",
          "Prefix": ""
        }
      ]
    }
  ]
}